0,1,2,3,4
손그림 파워포인트 콘텐츠 만들기,30시간,2023.10.23,,"파워포인트 주로 사용하는데 매일 하던거만 하다 새로운걸 알아가네요~
감사합니다~"
손그림그리기 잼있는 연수,15시간,2023.10.22,,"도형을 이용해 간단하게 손그림 그리는 방법을 배우는 유익한 연수였어요..
그런데 프로그램은 아직 익숙하지 않아서 직접 하면서 하지 못해 아쉬워요..
교실에서 칠판에 아이들 캐릭터를 그려주면 잼있어하는데요..
이번 연수로 더 생생한 캐릭터를 그려서 활용해보렵니다."
똥손 선생님을 위한 최고의 선택!,15시간,2023.10.19,,"저는 미술에 정말 소질이 없는 사람입니다.. 그래서 아이들과 미술을 하는 것도 힘들어하고 일기장에 답글을 달아주는 것 또한 글씨체가 이상해서 예쁘게 쓰기 위해 공을 들이곤 합니다. 이 연수를 선택하게 된 것도 아이들과 캘리그라피 미술을 함께 하면 좋겠다는 생각과 함께 제 글씨체를 고칠 수 있는 계기가 되지 않을까하는 마음으로 신청했습니다.
그런데 웬걸!!!! 연습할 수 있도록 붓펜, 도화지 등도 보내주셔서 정말 좋았습니다 ㅠㅠ!!♥♥♥ 재료가 없었다면 그냥 눈으로 보고 아~ 저렇게 하는 거구나! 하며 넘길 수도 있었을 강의를 실제로 강사님과 함께 해보며 더욱 집중하는 시간이 될 수 있었습니다.
캘리그라피를 시작하며 필요한 도구도 세세히 설명해주시고, 짧은 단어부터 적용하는 단계까지 구성이 너무 알찼습니다! 강의만 순서대로 따라하면 쉽게 따라갈 수 있는 수준이었습니다.
제가 한 것과 비교해서 강사님이 너무너무 잘하셔서 비교되긴 했지만...^^..전 아직 초보니까요!!ㅋㅋㅋㅋㅋ 9차시 다정한 마음을 담은 캘리그래피 카드를 만들어 어머니께 선물해드렸더니 무척 좋아하셨습니다!
무슨 연수를 들을지 고민하시는 선생님들께 이 연수를 꼭 추천드리고 싶습니다!!!! 이제 아이들과 붓펜을 이용해 다음주에 수업을 해보려고 합니다.
아이들을 보내고 교실에서 힐링하며 들을 수 있는 이 연수!
캘리그라피를 하며 잡생각을 떨쳐버리고 싶으신 선생님! 글씨체 고민이신 선생님!들께 특히 꼭 추천 드립니다!!!!"
내 생애 최고의 독서수업 방법 연수,30시간,2023.10.19,,"교직 생활이 연수가 늘어갈수록 다양한 독서 연수 강좌를 들어왔습니다. 이번 연수는 학년부장님의 적극 추천으로 듣게 되었는데 역시 고개를 끄덕일 수 밖에 없었습니다. 유명 강사나 유머를 중무장한 강의가 아니었음에도 연수를 들으며 재미있다는 생각이 들었습니다. 주 진행을 맡으신 강사님의 차분하고 노련한 진행, 그리고 매 차시마다 강의 주제에 맞는 게스트 강사분께서 나오셔서 자신의 경험을 들려주시는 구성이 교사들간의 동아리 모임처럼 알찹니다. 강사분들 모두 교사로서 오랜기간 독서로 수업을 진행한 경험이 풍부한 분들이시며, 자신의 경험에서 나온 실전에 적용 가능한 방법을 들려주십니다. 그런데 이 단순한 기술 나열이 아니라 학급 안에서 아이들과 호흡하며 아이들의 마음을 어루만지고, 아이들의 생각을 자연스럽게 끌어낼 수 있는 학급 경영의 노하우와 접목된 형태도 많아서 더욱 공감이 갔습니다.
또한 강의자료도 다운받아서 활용하기에 좋고, 강의에서 소개된 그림책, 동화, 아이들 책들이 하나 같이 주옥같은 도서들입니다. 강의들으면서 읽어보지 않은 책들은 죄다 구매하여 읽어보았을 정도랍니다.
독서수업방법 강의 찾으시는 분들께 강력 추천합니다. 좋은 연수 감사합니다."
생각이 행동으로 연결되는 연수였습니다. 강추!!!,30시간,2023.10.18,,"근래 들어 정말 기분좋게, 즐겁게 들었던 연수입니다.
환경인가? 하며 들었는데 다시 지구과학인가? 하는 생각으로 알아가는 즐거움을 느끼게 해준 연수입니다.
더불어 너무 재미 있어서 빨리 듣고 싶어 더욱 열심히 들었습니다.

사실 그동안 말로만 환경환경 해왔던 나의 모습...... 수업은 하되 생활 속 실천은 나와 상관없다는 나의 모습......
편리함의 유혹이 너무 커서 '그래서 난 최소화해서 사용하고 있어'하며 텀블러보다는 종이컵 하루 1개를 실천한다고 당당히 말하던 나의 모습......

'환경 사랑해야지' 하면서도 나와는 별개의 세상처럼 살았는데, 연수를 통해 아이들과 교실내 지구 사랑을 실천할 수 있는 방법을 이야기 해보려고 합니다.


'아는 만큼 보인다' 이 연수를 보면서 절실히 느꼈습니다. 아이들과 교실내 실천으로 시작하겠습니다.

간만에 정말 정말 즐겁게 연수 받았고 행동으로 옮겨보고 싶은 마음이 드는 행복한 연수였습니다."
매우 훌륭한 연수,15시간,2023.10.18,,우리나라를 위해 목숨을 바쳐 싸운 분들이 정말 많다는 것을 새롭게 알게 됐습니다.
손그림에 재능이 없더라도 그릴 수 있도록 자세한 설명이 있어서 알찬 강의!,30시간,2023.10.18,,"손그림에 재능이 없더라도 그릴 수 있도록 자세한 설명이 있어서 알찬 강의였습니다. 특히 손그림을 학생들에게 유용하게 사용 할 수 있도록 파워보인트를 이용한 방법을 소개해 주어서 실제 학교에서 지도할 때 잘 사용할 수 있을 것 같습니다.
파워포인트의 전반적인 그리기 방법을 함께 소개해 주어서 그리기에 재능이 없더라도 쉽게 적용할 수 있는 점이 이 강의의 유용한 점이라고 생각합니다."
학생 생활에 도움이 되는 연수,15시간,2023.10.18,,"본 연수를 수강 하면서 고학년 학생들을 이해하는데 큰 도움이 되었습니다.
앞으로도 생활 지도 및 학생 생활에 도움이 되는 많은 연수가 있으면 좋겠습니다."
진짜 많은 도움이 되는 연수입니다~,15시간,2023.10.18,,"학교에서 단체로 신청해서 듣는데 너무 유익하고 좋은 연수입니다~
많은 선생님들께서 들으시면 좋겠습니다~
감사합니다~"
반복학습!,30시간,2023.10.17,,익숙해 질 때까지 여러번 반복해서 익히니 좋네요.
초등 고학년 탐구생활 학생을 이해하는데 큰 도움이 됩니다.,15시간,2023.10.17,,"본 연수를 수강 하면서 고학년 학생들을 이해하는데 큰 도움이 되었습니다.
앞으로도 생활 지도 및 학생 생활에 도움이 되는 많은 연수가 있으면 좋겠습니다."
연수는 재밌지만 시험이 역사 시험같네요.,30시간,2023.10.17,,"연수는 참 재밌어요.
평소 알고 있던 지식이 더 깊어지는 기분이구요.
다만 시험문제가 어렵다기 보다는 역사 문제 같아요.
다음중 ~~~을 한 사람은 누구인가? 이런문제가 1/3인데...
그부분만 수정되면 참 좋은 연수가 될 것같아요."
잘 들었습니다.,15시간,2023.10.17,,파워포인트로 정말 다양한 걸 할 수 있다는 걸 알았어요..제가 모두 사용하기에는 어렵겠지만 몇개는 유용하게 이용할 수 있을거같아요^^
귀에 쏙쏙 들어오는 재미 있는 연수,30시간,2023.10.15,,어려워 보이던 도구들을 쉽게 사용할 수 있게 해 주셔서 감사합니다.
교직을 평화롭게 유지할 수 있는 방법을 찾았어요.,0시간,2023.10.12,,올해 담당한 학년은 역대급 금쪽이가 반마다 2~3명씩이 존재하는 중학교 2학년입니다. 경력이 결코 짧지 않지만 학생들은 늘 새롭고 늘 창의적으로 좋던 나쁘던 일을 만든다는 걸 절감하고 있던 차에 너무나 좋은 강의를 알게 되었습니다. 벌써 선생님의 강의를 두번째로 듣고 있는데 정말 큰 도움이 됩니다. 여유를 가지고 학생들을 다루고 덜 상처받을 수 있다는 걸 배우고 숨 쉴수 있는 여유를 얻게 된 것 같아 감사한 마음이 듭니다.
노션 배우기,15시간,2023.10.12,,"예전부터 노션이 유명하고 업무에 도움이 된다는 것을 들었지만, 처음 시작하기 어려웠는데 연수를 통해 노션을 시작할 수 있었습니다."
지루한 사회시간을 흥미있게 지도할 수 있는 연수,5시간,2023.10.12,,사회를 재미없어 하는 아이들을 흥미있게 지도할 수 있는 다양한 방법을 배울 수 있어서 너무 유익하였습니다.
따뜻한 글씨와 예쁜 그림이 함께하는 캘리그래피,15시간,2023.10.12,,"해마다 들어야 하는 필수 연수들이 정해져 있어서 정해진 연수를 듣다 보면 똑같은 내용을 반복해서 흥미가 떨어집니다. 아마 다른 선생님들도 저와 비슷한 경험을 하셨을 거예요.
왕초보를 위한 캘리그래피 연수는 그동안 들었던 식상한 연수가 아닌 듣고 싶어서 신청한 연수라 즐겁게 들을 수 있었던 연수였어요. 이번 연수는 배우고 직접 학생들과 함께 활용해 볼 수 있는, 일상생활에서 예쁘게 내 마음을 전할 때 유용한, 스트레스 해소, 정신 수양을 위한 좋은 수업이었어요.
듣기 참 잘한 연수!"
과학 교과서를 제대로 활용하기,5시간,2023.10.12,,과학 교과서를 재미있게 활용할 수 있는 꿀팁들이 있어서 수업시간에 잘 활용할 수 있는 연수였습니다.
학생들이 너무 즐거워해요.,30시간,2023.10.12,,"수업시간과 연계하여 놀이 활동을 할 수 있어서 수업이 지루하지 않고 재미있었습니다.
특별한 준비물 없이도 간단하게 할 수 있어서 준비하는 선생님 입장에서 부담도 적고 아이들은 흥미있게 참여하여 너무 유익한 연수를 들었다는 생각이 들었습니다."
학생도 교사도 힐링되는 연수,15시간,2023.10.12,,창의적 체험활동 시간을 이용하여 1인 1악기 교육으로 칼림바수업을 진행했는데 음악을 잘 모르는 선생님도 학생들도 쉽게 배우고 칼림바 소리에 힐링되는 시간이었습니다.
해외여행이 그리워서 들은 연수,30시간,2023.10.12,,"해외여행을 너무 가고 싶은 마음에 연수부터 먼저 들었어요
자유여행을 하면서 영어가 부족해서 파파고를 번역하고 바디랭귀지로 의사소통하던 제가 부끄러워 늘 영어공부를 해야지 마음 먹었는데 생각보다 잘 되지 않더라구요
그러다 연수원에 있는 과정을 보니 딱 나에게 필요한 연수다 싶어 신청했습니다.
실질적인 상황에 맞는 영어 어렵지 않은 표현으로 쉽게 익힐 수 있었어요
조만간 가게 될 여행에서 자연스럽게 영어가 나오길 기대해 봅니다~~~"
수업시간이 재미가 쏠쏠,30시간,2023.10.12,,수업시간이 재미가 있어 학생들이 즐겁게 참여할 수 있을 것 같아요
좋았어요,0시간,2023.10.11,,"전체적으로 좋았던 연수였어요. 그런데 어떻게 피피티를 만드는지 과정을 연수했어도 좋았을거 같아요. 아니면 선생님의 피피티를 보면서 예시를 좀 더 자세히 보여주면서 이렇게 만들고 이렇게 수업해요 라고 해도 좋았을거 같고.
아니면 한 차시 수업시간이 어떻게 흘러가는지도 궁금해요~"
수업놀이에 대한 A부터 Z까지!,30시간,2023.10.11,,"저학년을 많이 맡게 되면서 통합 과목을 가르칠 때 어떻게 하면 똑같은 내용이라도 아이들이 흥미를 느끼면서도 자연스러운 배움이 이루어질 수 있을까 고민이 깊어지던 나날이었습니다.
매일 비슷한 그리기, 색칠하기 활동 위주의 제 수업에도 매너리즘을 느끼고 있었고요.
그러던 중 티셀파 연수원에서 나의 고민을 해결해줄 수 있는 연수가 있을까 찾아보게 되었고 '수업을 살리는 놀이 레시피' 연수명을 발견하고 이거다! 라는 생각이 들었습니다.


이미 교육현장에서는 수많은 수업놀이가 알려져있고 사용되고 있습니다만 오히려 너무 많은 선택지에 혼란스러움을 느끼는 선생님이 많을 것 같습니다.
하지만 본 연수는 카테고리별로 놀이를 분류해 가이드라인을 제시해 주고 그것을 바탕으로 다양하게 변형하고 적용하여 선생님들 학급의 특성에 맞게 놀이를 응용해볼 수 있어 좋았습니다.
그리고 무엇보다 현직 교사 선생님들이 모여 고민하고 만들어진 내용들이라
현장에 바로 적용할 수 있는 놀이를 배울 수 있어 좋았습니다. 실제로 수업놀이가 적용된 수업 영상을 볼 수 있어 연수를 듣는 학습자의 입장에서 이해하기가 더 쉽더라구요.
이런 연수를 앉은 자리에서 편하게 보면서 배울 수 있어 다행이랄까요.
내 수업엔 이렇게 적용해봐야지 라는 생각이 자동으로 떠올라 수업준비가 힘들지 않고 오히려 아이들의 반응이 어떨지 궁금해 수업이 기다려지더라구요.

이런 분들께 '수업을 살리는 놀이 레시피'를 연수를 적극 추천합니다!
1. 수업놀이에 막 관심이 생겼지만 방법을 몰라 헤메였던 선생님
2. 실제 초등교육 현장에 유의미하게 활용될 수 있는 수업놀이를 찾으시는 선생님
3. 3월 학기 초, 첫 만남, 개학 첫날 등의 날에서 항상 어떤 활동을 해야 좋을 지 고민했던 선생님
4. 단순한 재미를 위한 놀이가 아닌 수업 과목에 실제로 적용할 수 있는 수업놀이를 알고싶은 선생님
5. 쏟아지는 수업 놀이에 대해 항목별로 체계를 잡고 싶으신 선생님


그리고 추가로 연수에 있는 내용이 그대로 담긴 천재교육에서 만든 '수업을 살리는 놀이 레시피 101'책도 추천합니다. 수업놀이에 필요한 준비물과 놀이순서, 놀이에 걸리는 시간 등이 자세히 담겨 있어 혹시라도 기억이 나지 않을때 항상 책자에 꽂아두고 그때 그때 참고하였고 많은 도움이 되었습니다."
노션을 알고 싶다!,15시간,2023.10.11,,"노션의 개념, 활용에 관한 정보가 유익한 연수였습니다. 노션에 관심을 갖게 되었고, 업무에서 활용해 보겠습니다!"
칼림바 색다른 경험 좋아요~~~추천합니다~~~^^,15시간,2023.10.11,,칼림바 색다른 경험 좋아요~~~추천합니다~~~^^
신청하세요,30시간,2023.10.10,,여행 가고 싶네요.
이해하기 쉬워요,30시간,2023.10.10,,오랜만에 영문법 공부했습니다. 휘리릭 공부하기 좋아요
막막했던 진로교육을 어떻게 하면 좋을지 알게된 좋은 연수입니다!!!,30시간,2023.10.09,,교사 8년차이지만 막막했던 진로교육에 대해서 많이 배우고 갑니다!! 감사합니다!ㅎㅎㅎ
좋았어요.,15시간,2023.10.06,,잘 몰랐던 의병 전쟁에 대해 알게 되어 좋았습니다.
도움이 많이 되었어요,30시간,2023.10.06,,나의 언어 습관에 대해 많은 반성을 하게 되었습니다.
평소에 궁금했던 것들에 관하여,15시간,2023.10.05,,"평상시에 크고 작은 질병들에 관해 궁금했던 것들에 대해 많이 해소되는 연수입니다.
심화 과정도 들었으면 좋겠습니다.
일상생활에서 건강관리에 신경쓰면서 병원에 갈 일을 최소로 했으면 좋곘네요
여러 전문의의 강의를 들으면서 많은 도움이 되었습니다.
지속적으로 1탄 2탄 3탄에 이어 운동요법도 추가되었으면 좋겠습니다."
2023 올해 가장 현실적인 연수,30시간,2023.10.05,,"2023년 올해 가장 현실적으로 와 닿은 연수라 30차시 모두 집중해서 듣게 되었습니다.
주변 선생님들께 꼭 추천하고 싶은 연수입니다."
기후변화.우리 함께해요.,15시간,2023.10.05,,기후변화 그 위기는 우리 모두가 함께 노력해야할 것 같습니다.
인문학 맛집이요~^^,30시간,2023.10.05,,책을 읽어보고 이야기를 들으며 하나하나 짚어보며 따라가보는 재미가 있습니다. 그리고 설명해주실때 고개이름나 지명 등의 유래를 하나하나 풀어 이야기해주시고 그것을 또 인문학적으로 연관시켜 이해해주니 그 지역이나 소소한 이름과 명칭등 하나하나가 의미가 있고 삶이 깃들어 있는 하나의 문화가 되더라구요. 지식의 저변을 넓히고 폭 넓게 이해한다고 할까요? 옛 이야기를 듣는것처럼 편하게 들었던 연수였던것 같습니다.
손그림 연습하기 도전~!!,15시간,2023.10.05,,"간단한 재료소개에서부터, 어떤 방식으로 그려나가면 좋을지, 포인트를 어디에 둬야하는지, 생동감 있는 방식은 어떻게 그려내면 좋을지 등 전반적으로 손그림을 어렵게 여기지 않고 일상에서 실천하며 하나하나 시작할 수 있게 알려주고 있어서 저도 한번 해볼까? 아~! 이렇게 그려야 되는구나. 라고 이해하면서 따라 그리고 있더라구요. 활용면에서는 아직 어떻게 해야할지 고민이 되긴 하지만요. 우선 시작하는 것에 의의를 두고 있습니다."
지친 삶에 휴식을..,15시간,2023.10.05,,그 지역의 여행책자를 보는 것도 좋지만 인문학적 특성을 생각하며 공부한다는 생각으로 쉬엄쉬엄 들으니 인식이 달라집니다.
많은 도움이 되었습니다,30시간,2023.10.04,,감사합니다~
연수 내용은 괜찮은 편,30시간,2023.10.02,,스크립트 제공이 안됨. 화면 정지와 재생 버튼이 불편함.
시대와 어울리게 변화하는 수학,5시간,2023.09.30,,"놀이를 이용한 창의융합 수업이나 프로젝트 수업 등, 한 시간 수학 수업이 미래를 품는 시간이 되네요. 짧지만 강렬한 메시지가 있는 좋은 연수였습니다."
학생들의 마음 살펴보기,30시간,2023.09.30,,"그동안 궁금했던 부분들을 이야기 나눌 수 있는 시간이 되어서 너무 좋았습니다.
항상 저의 입장에서만 생각해봤지 아이들이 왜 그렇게 행동하고 말을 하는지에 대해서는 곰곰히 생각해본적이 없던거 같네요
이번 강의를 통해 배운 내용을 바탕으로 보다 제대로 체계적으로 학급생활을 지도하도록 하겠습니다. 많은 도움이 되었습니다"
꼭 필요한 연수입니다.,30시간,2023.09.29,,많이 활용할 수 있는 연수를 받아 너무 좋았고 파워포인트에 조금 더 자신감이 생긴 것 같습니다. 감사합니다.
(강추)생애 주기에 따른 재테크 방법의 기초를 배우려면 꼭 들어봐야 할 강좌,15시간,2023.09.28,,"재테크의 정석과도 같은 강의였습니다.
특히 도움이 되었던 부분은 절세 부분인데, 이 강의를 듣고 내년 연말 정산을 대비해야 할 필요성을 느끼고 연금저축펀드 계좌에 돈을 입금하여 내년도 세금에 대비할 수 있도록 하였습니다.

또한 주식과 부동산에 대한 기초적인 개념을 잡고 투자마인드를 기를 수 있었던 것이 좋았습니다.
강의는 다 들었지만 PDF파일로 복습하면서 월급 관리를 잘 해서 안정적인 재무능력을 갖출 수 있도록 노력해야 하겠습니다.

현재 S&P500 ETF 등으로 자산을 배분하고 있는데, 주식 뿐 아니라 부동산도 공부를 많이 해서 적은 교사월급이지만 안정적인 생활을 할 수 있도록 노력해야겠다는 생각을 하게 되었습니다.
인플레이션이 심화되고 있는 가운데 월급을 단순히 통장에 넣어놓는 것으로는 복잡한 현대 사회에서 살아남을 수가 없습니다.
사용하고 남은 잉여자금을 어떻게 관리하냐에 따라서 미래의 안정성에도 큰 차이가 생길 것으로 생각합니다.

다른 강의보다 먼저 재테크 강의를 수강해보실 것을 추천합니다."
보드게임 규칙만 익히면 재미있고 유익한 연수,0시간,2023.09.27,,"규칙 설명만 들으면 잘 모르지만 실제 해보면서 방법을 알게 될 수도 있고, 게임들에 따라 온라인, 오프라인의 재미가 다를 것 같습니다. 강사님 말씀대로 게임중독 우려 때문에 교육용으로는 온라인 게임보다는 오프라인이 훨씬 좋을 것 같습니다. 게임에는 정말 많은 종류가 있다는 것을 알게 되었고, 내용에 따라서는 학습에도 접목시킬 수 있을 것 같았습니다. 열심히 연수해주신 선생님 감사합니다."
똥손을 금손으로,15시간,2023.09.27,,"손그림 그리기의 원칙부터 다양한 도형을 이용하여 그림을 그리는 사례를 보여주어 연수진행을 하며 그림을 연습하며 연수를 받을 수 있습니다.
미술시간에 아이들과 함께 영상을 보며 그려보는 것도 추천합니다.
우리반 똥손을 금손으로 만들 수 있어요.
선, 도형 몇 개로 다양한 물건을 그려내는 것이 매우 신기합니다. 마크와 디자인에 대해 공부할 때 기본적인 그리기 설명해주면 도움이 될 거예요."
수업에 바로 투입 가능한 유익하고 알찬 연수,15시간,2023.09.27,,"평소 STEAM교육에 대해 명확한 이해와 실제 수업에 적용하고 싶은 사례들을 많이 알고 싶었던 차에 관련 연수가 있어서 신청하게 되었습니다. 미리보기와 학습목차를 통해 어떤 내용의 연수인지 먼저 확인하였더니 딱 내가 원하던 연수라 망설임 없이 선택하였습니다.

가장 먼저 학생들이 즐겁게 할 수 있는 조작 활동 중심의 내용이 마음에 들었고 실제 수업에 활용할 수 있는 다양한 지식과 내용으로 이루어진 점이 좋았습니다.

초등학교 전학년에서 두루 활용가능한 활동으로 이루어져 있고 과학, 실과, 미술, 수학 등 여러 교과목과 연계하여 활용할 수 있었습니다. 또한 각 활동별로 유의사항과 주의사항을 자세히 알려주어 혹시나 있을지 모르는 안전사고도 미연에 예방하고 대비할 수 있도록 세심하게 안내되어 좋았습니다.

또한 창체 시간이나 과학의 날 행사와도 관련하여 할 수 있는 활동들이 많아서 접목해서 활동한다면 아이들이 즐겁게 참여할 수 있을 것 같습니다.

그리고 딱딱한 이론 설명보다 실험과 활동을 통해 배울 수 있고 나아가 예술적으로 표현까지 할 수 있어서 저학년부터 고학년까지 다양하게 두루 활용할 수 있는 점이 좋습니다.

교실에서 실제 학생들을 지도할 때 활용할 수 있는 활동 중심의 자료를 찾으시는 선생님들께 도움이 되는 연수입니다.

수업에 바로 투입 가능한 알차고 유익한 연수를 마련해주셔서 감사합니다."
교과수업에 활용하는 진로교육,30시간,2023.09.26,,진로교육을 진로와 직업 수업시간에만 하는 것이 아는 모든 교과수업에서 할 수 있음을 알려주는 연수입니다.
활동하고 토론하는 통합사회 수업방법 연수 제목에 충실한 연수였습니다.,15시간,2023.09.26,,"프로젝트 학습, NIE교육, 토의토론 수업, 게임활용수업 등 다양한 활동 방법을 소개해주는 알찬 연수였습니다.
특히 지속가능한 발전과 미래 사회 분야의 '로봇세' 프로콘 토의토론 활동 방법과, 미래 상황 보드판을 활용한 수업이 인상적이었습니다.
영상 마지막 부분에 참고할 만한 사이트와 자료를 상세히 설명해주신 부분도 좋았습니다.
다양한 주제의 통합사회 활동 수업에 아이디어를 얻어가는 유익한 연수였습니다. 감사합니다."
제 자신을 돌아보는 강의,15시간,2023.09.25,,"과거 시험에는 잘 나오지 않는 의병을 '중요하지 않다'라고 이야기 하는 것은 잘못되었다는 모 강사의 말이 떠오릅니다. 그 말이 깊이 동감하였으나 지나고 보면 실은 여전히 시험에 잘 나오는 인물만을 기억하였던 제 자신을 되돌아 보며, 부끄러움을 조금이나마 덜 수 있게 되어 감사합니다."
처음에는 후기가 좋아서 선택했는데..,15시간,2023.09.25,,"연수를 신청할 때는 후기가 좋아서 신청했는데 다른 미술치료랑 연계된거 같긴 한데 뭐를 들을까 고민을 했거든요. 들어보니 이건 고민할 것이 아니라 우선 듣고 볼 연수이네요. 너무 좋았고, 아이들 지도 방법을 배운 것도 좋았지만 듣는 동안 저 또한 힐링받는 기분이었습니다.

아이들의 속 마음을 이해한다고 문제가 해결되지 않고 학부모와의 관계에서 교육의 길을 잃은듯한 요즘이었는데 선생님 말씀을 듣고 있으니 마음이 따뜻해지고 아이와 진심어린 소통을 하게 되었을 때 기쁨과 효과를 떠올리게 됩니다.

내용 중에서 아이가 활동 중에 교사를 도발하려고 할 때 대처 마음가짐을 이야기 해주신 부분이 가장 인상깊고 휘말리지 않고 아이를 대하는게 진짜 아이에게 필요한 안정감을 주는 것임을 다시한번 다져 봅니다. 좋은 연수 감사합니다."
들을 수록 기대됩니다,30시간,2023.09.25,,"티비에서만 보던 유명한 의사들을 연수로 만날 수 있다니 너무 기대됩니다.

내용도 좋고 재미있습니다"
제가 찾던 연수,15시간,2023.09.23,,"그림 공부는 항상 하고 싶어도 시작이 엄두가 안나고 따로 레슨 받을 시간도 없었으며, 그동안 그렇다고 할만한 손 그림 연수는 없었기에 이번에 있어서 바로 시작했습니다. 너무 재미있고, 유익합니다. 모두에게 추천하고 싶습니다. 선생님 건강하십시오"
창체시간 활용 및 교과연계 활동 가득,15시간,2023.09.22,,"저희 학교는 스팀관련 학교행사를 하고 있어서 수강하게 되었어요
과학의 날에 잘 활용할 수 있는 자료가 가득하네요. 자세한 설명과 자료까지 다운받아 쓸 수 있어서 유용합니다.
또한, 교과수업과 관련하여 응용 실험으로 활용해도 좋은 자료가 있네요. 알찬 연수 감사합니다."
좋았어요.,15시간,2023.09.22,,잘 몰랐던 독립 운동에 대해 알게 되어 좋았습니다.
힐링~,15시간,2023.09.22,,칼림바 소리가 예뻐서 연수하는 동안 즐거웠어요.
아는 만큼 보인다,30시간,2023.09.21,,"우리나라에 이렇게 많은 세계문화유산이 있는지 처음 알게 되었습니다.

문화유산 하나하나 마다 가치가 빛나고 우리가 먼저 알아야 우리의 문화를 이어나갈 수 있다는 책임감이 생깁니다.

수업 방법에 대한 안내가 더불어 있어서 활용 가능성이 높아서 유익한 연수입니다."
이야기 속에 담긴 숨은 지리로 깊이 있게 문학을 이해하다!,15시간,2023.09.19,,"최근에 관심이 가서 공부하고 있는 한국사, 세계사 이야기에서 빠질 수 없는 게 지도이다.
다시 말해 지리.
땅을 이해하니 역사가 더 이해하기 쉬워졌다.
이번 연수를 선택한 것도 이런 이유에서였다.
문학 속에 있는 이야기들의 바탕에 땅의 이야기가 연결되어 있음을 알고 나니 세상 모든 이야기들이 더 탐구하고 싶어졌다.
모든 학문은 연결되어 있다고 하지 않나.
지리, 역사, 과학 등등 알면 알수록 더욱 깊이가 깊어지는 것 같아 즐겁다.
그런 의미에서 이번 연수는 땅의 이야기에 접근하기에 딱 맞춤인 좋은 연수다.
덩달아 강사님의 관련 도서를 더 찾아 읽어보고 싶은 생각이 들었다.

강추!!"
처음 접해 본 캘리그래피!,15시간,2023.09.18,,처음 접해 본 캘리그래피인데 흥미가 많이 생겼습니다~ 좋아요!
수학 어렵지 않아요~,30시간,2023.09.18,,"고학년이 될수록 아이들이 수학을 무척 어려워 합니다. 그냥 계산만 잘해야 한다는 생각을 가지고 있는 경우도 많은데, 다양한 실생활 이야기를 활용하여 하나하나 아이들과 함께 해 보는 시간이 참 좋습니다. 흥미와 관심, 실력이 점점 좋아지고 무엇보다 수학을 하기 싫은 과목으로 생각하지 않는 것 같아요~~"
문법실력을 쌓기 위해서...,30시간,2023.09.18,,"3줄 요약
1. 이지경선생님 강의가 좋아서 2탄도 들을 것이다.
2. 연수 플랫폼, 오류문제, 평가문항 답안 처리문제는 진짜 개선되어야 한다.
3. PC에서만이 아니고 태블릿에서나 폴드폰에서도 들을 수 있도록 서비스 개선 강력이 요청한다.
------
연수원 6개 정도 비교해보고, 타 사이트에는 없는 영어문법 연수가 개설되어 있어서 기뻐하며 신청했어요. 강사샘이 전달력이 좋으시고, 예제를 풀면서 설명해주시는 것이 도움이 많이 되었어요. 같은 방식으로 강의하더라도 잘 들어오지 않는 연수도 여럿 받아봐서 저는 좋았습니다. 다만 연수 받는 중에 첫 화면에 스킵 버튼을 설치해 놓고, 스킵 누르면 이수 미완료로 나오는 것이 황당했어요. 스킵 버튼을 제외하던지 눌렀어도 인정해 주어야 맞지 않을까요? 이 연수를 열심히 받으려고 태블릿피시도 구입했는데, 태블릿에서 연수 실행되지 않아 너무 실망했어요.사실 연수 그 자체보다 복습하면서 실제 기량을 쌓으려고 신청했던건데 목적 달성에 실패했어요. 누가 노트북 들고 다니면서 연수 받을까요? 아니면 PC가 있는 장소에서만 연수를 받을까요? 이용자 편의를 좀 더 고려하여 연수 제공해 주시기 바랍니다. 아래 후기에서도 선생님들께서 겪으셨던 일들을 저도 겪은 것이 있어요. 연수 3쪽 문제 풀기까지 풀었는데 그 차시 전체가 오류가 나서 처음부터 다시 들어야 했던 문제나 차시별 평가문항에서 답을 축약해서 쓰지 않고 풀어서 쓰면 틀렸다고 평가하는 일들이 있었습니다. 이런 점들이 개선된다면 좀 더 좋은 연수가 될 수 있을 것으로 생각됩니다."
반복,30시간,2023.09.15,,제목처럼 패턴을 활용하여 숙어에서 단어를 바꿔가며 반복적으로 학습하는 내용으로 구성되어 있습니다.
재밌지만,30시간,2023.09.15,,재미는 있는데 내용이 깁니다. 그것 감안하고 시간 많을 때 재미난 이야기 듣는것처럼 들으면 좋습니다.
쉽고 간결,15시간,2023.09.15,,쉽고 간결한 여행영어회화 문장들을 알려줍니다.
여러 질병,15시간,2023.09.15,,여러 질병에 대해 이야기하듯이 알려줍니다. 바디피부나 얼굴피부나 다 똑같은 피부라니.. 또르륵..
안전교육,15시간,2023.09.15,,3년마다 들어야 해서 들었습니다. 내용은 평범합니다.
지역 음식,15시간,2023.09.15,,지역 음식을 소개해주는 내용이 있어 재미있었습니다.
여행을 풍성하게,30시간,2023.09.15,,"여행은 아무 생각 없이 하면 그대로도 재미있지만, 이 연수를 듣고나면 여행에도 테마를 정해 할 수 있겠다는 생각이 듭니다. 재미있는 연수입니다."
우리나라에 이렇게나 많이 있다니..,30시간,2023.09.14,,우리나라에 이렇게 많은 세계문화유산이 놀랍다. 가본 곳도 있고 아닌 곳도 있지만 다시 한번 가 보고 싶다.
재미있는 이야기가 함께하는 수학수업,30시간,2023.09.14,,"예전에 인*에서 수학수업 차시마다 이야기를 도입해서 ppt 열심히 만들어주시던 선생님들이 아주 많았어요. 요즘은 만나기 힘듭니다.. 이 연수는 스토리가 있는 수학수업이 무엇인지, 그 장점과 활용방법을 이해하고 적용하도록 도와주는 과정입니다. 한 번 연수 들어보세요."
진로지도 꿀팁,30시간,2023.09.14,,보통 진로주간에 진로수업 하고 끝이죠. 이 강의는 진로지도를 교과 수업 안에 자연스럽게 함께 할 수 있는 여러 꿀팁을 제공합니다. 추천해요.
chat GPT 진로 수업 하기 알찬 강의,0시간,2023.09.08,,"진로 수업을 chat GPT로 스마트하게 진행할 수 있고 그 외 다양한 에듀테크 도구로도 활용할 수 있고, 초등교사로서 나이제한에 구애없이 쓸 수 있는 도구로도 얼마든지 사용가능할 수 있는 도구도 있음을 알게 되었습니다. 아직 생성형 ai가 사람과 같은 기능을 하기에는 부족한 도구이긴 하나 지금으로선 획기적이고 우리 교육에 도움을 받고 참고하기에는 참으로 편리한 도구임에는 틀림이 없습니다. 진로 수업을 재미있고 풍성하게 만들어 줄 것 같습니다. 감사합니다."
독립운동사,20시간,2023.09.07,,애국심 고취하기에 좋은 내용들입니다
괗가수업에 막막한 분들에게,10시간,2023.09.07,,"강력히 추천합니다

실험수업 어렵긴 하죠 ㅠㅠ"
관심많던사회수업,10시간,2023.09.07,,사회수업에 관심이 많았는데 연수보니 더 도움이 되네요
너무 좋은 연수,30시간,2023.09.07,,체육전담이라 막막했는데 큰도움이 되었습니다
책 만들기,30시간,2023.09.07,,국어 시간에 학생들 책 만들기 수업에 응용해도 좋을 것 같습니다^^
여행을 할 때 유용한 표현,30시간,2023.09.07,,"여행을 할 때 유용한 표현들이 많아서 좋았습니다.
또 미처 생각히지 못하는 것도 꼼꼼하게 예시로 다루어 주셔서 감사합니다.

그런데 30차시의 내용이 똑같은 구성으로 되어있어서 연수가 뒤로 가면서는 좀 지루해집니다.
간단해도 좋으니 상황에 따른 에니메이션이나, 실제 대화하는 모습 등이 있었으면 더 좋은 연수가 되고, 많은 분들이 수강할 수 있을 것 같습니다. 참고해주셔요."
노션의 적성,30시간,2023.09.06,,너무 유익한 강의였습니다~
상시 연수 비추천!!,15시간,2023.09.06,,연수 내용은 유익하나 진도 반영이 제대로 되지 않아 비추천!!
잘 들었습니다.,30시간,2023.09.05,,"English Grammar in Use 1도 듣고 2도 들었는데, 2가 조금 더 나았던 거 같아요. 강의 끝나고 나오는 퀴즈가 조금 더 깔끔했어요. 하지만, 마침표를 찍어서 틀렸다고 뜬다던지, 정리부분에서 to 부정사와 -ing를 바꾸어 놓은 것도 있고, 완성도가 높진 않아요. 오랜만에 문법 공부하니 좋네요."
"흥미로운 지역 인문학, 공부하는 재미가 톡톡",15시간,2023.09.04,,"지역에 대해 대략적으로 어느 행정구역에 속해있는지 정도만 알았는데, 한 지역에 대해 지형과 관계적 위치를 세세히 살펴보고, 관광명소, 인구, 특징 등을 하나씩 살펴보니
아무리 외워도 잘 안외워지던 위치가 명확히 들어오기 시작했습니다.

인터넷 지도를 살펴보면서 공부할만큼 흥미로웠습니다.
한 지역의 최근 변화 모습과 전체적인 특징을 살펴보니 우리나라 곳곳이 이렇게 다양한 이야기를 품고 있구나 새롭게 깨달았네요.

우리나라 지리와 지역에 대해 더욱 관심이 생겼습니다.
지리 관련 수업에 도움이 많이 될 것 같고, 나중에 여행하고 싶은 마음도 듭니다.

이런 흥미롭고 알찬 원격강의가 많으면 좋겠습니다.
조금 아쉬운 점이 있다면 사진 자료가 좀 더 많았더라면 하는 점이 아쉬웠습니다."
고맙습니다. 조선미 교수님!,0시간,2023.08.31,,교수님 사례 공유해 주셔서 교사들의 어려움 우리들만의 이야기가 아니구나.. 결국 피해갈 수 없는 일이라면 생각을 바꾸고 낙천적으로 받아드리기 훈련해야겠다는 생각이 듭니다. 진솔한 강의 듣고 마음이 한결 가벼워졌어요.. 안되면 피해가고 멈추고...
기대안한 연수 그치만 넘 도움이 되는 연수,10시간,2023.08.31,,"천재교과서 홍보 영상인줄 알고 신청할지 말지 고민했는데 연수 퀄리티가 넘 좋아서 깜짝 놀랐습니다. 고학년 사회를 하다보니 매번 어떻게 진행해야할지 막막하더라구요
막막함을 해결하게 해준 연수!"
지존감 수업이 제게 필요했네요.,30시간,2023.08.30,,연수를 듣다보니 제가 자존감이 낮은 교사였습니다. 긍정정서도 부족했구요. 스스로의 상황과 생각을 바꿀 수 있는 연수가 되었습니다. 제 자존감도 높이고 학생들의 자존감도 높일 수 있는 수업 및 관계 개선을 위한 노력을 해야겠습니다. 의미있는 연수를 방학을 조금은 더 알차게 보낸 것 같습니다.
유익한 연수,30시간,2023.08.30,,천천히 다시 듣기하고 싶네요.
감사합니다.,0시간,2023.08.29,,"공감과 연대 교수님 강의 듣고 답답한 마음이 조금이나마 가벼워졌습니다. 현실이 너무 답답하고 어찌해야 할지....

방법을 찾고 자기돌봄과 자기치유의 길을 가는데 많은 도움이 되었습니다. 티셀파연수원에도 감사드립니다."
독서교육에 대한 부담에서 벗어나게 됐네요!!^^,30시간,2023.08.29,,"한 학기 한권 읽기 수업 때문에 고민이 많아서....
혹시나 하는 마음에 반신반의로 신청하게 된 수업에서 새롭게 터득한 바가 많았습니다. 이 연수 아니었으면 아마 지금도 획일적으로 책 읽어라.... 감상문 써봐라 식의 수업을 진행하고 있지 않았을까 반성해봅니다.
연수를 통해 배운 새로운 교수법으로 수업을 진행하고 준비하는데 많은 시간과 노력이 들기는 하지만 아이들이 신나게 따라하는 모습을 보면 뿌듯함과 만족감이 절로 듭니다.
연수 속에서 제시한 모든 방법을 활용하기에는 시간적으로 다소 부족하지만 고민을 통해서 수업 속에서 잘 실현해봐야겠다는 생각이 들었습니다.
좋은 연수와 수업 노하우 전수해주셔서 감사드립니다. 잊지 않고 잘 활용하여 좋은 수업이 되고자 노력하겠습니다."
너무 알차고 실용적인 강의!,15시간,2023.08.29,,"정말 실제 교과 수업과 학급 경영, 심지어 행정 업무에까지도 적용 가능한 알찬 강의였습니다!^^ 배운 내용을 토대로 한번 활용해서 신세대 교사가 되어보려 노력하겠습니다~~!"
역시 패턴 잉글리쉬!!,30시간,2023.08.28,,일상생활에서도 사용하기 편하게 알려 주시니 유익한 시간이었습니다. 역시 최고!!
메타인지적 수학 교과 수업 설계에 한층 더 자신감을 갖게 되었습니다!,5시간,2023.08.21,,늘 나무만 보던 좁고 한정된 시야로 수업을 구성해왔던 저의 수업을 되돌아보게한 수학교과서 활용 연수였습니다. 또한 이를 바탕으로 넓은 관점에서 숲을 바라볼 수 있는 메타인지에 기반한 수학 수업을 설계할 수 있게 도움을 주셔서 감사합니다.
빠를 수록 자신에게 도움되는 재무설계 공부,15시간,2023.08.21,,"왜 제가 20대일 때는 이런 연수가 없었나 아쉽습니다. (있었는데 제가 몰랐던 것일까요? ^^)
소비를 통해 그닥 행복감을 느끼지 못해 저축을 열심히 해 왔지만 지혜롭게 운용하였는가라는 질문에는 말문이 막힐 듯 합니다. 재무설꼐의 1도 모른 상태로 주먹구구식으로 자산을 운용해온 듯 합니다. 그저 은행에 가서 묻고 조언을 듣고, 증권사 가서 묻고 조언을 듣고, 이런 식으로 재무 설계에 대한 큰 설계 없이 자본 시장이라는 큰 대양에서 튜브 하나에 의존에 그 때 그 때 출렁출렁하며 살아왔던 것 같아요. 재무설계에 대한 기본 중 기본으로서 꼭 공부하고 알아두면 좋을 내용들이 가득입니다. 강의하시는 분께서 너무 근업하신 모습이셔서 처음에는 좀... 그랬는데 자꾸 뵙다 보니 신뢰감이 드네요. ^^ 늦은 듯 하지만 이제라도 다시 재무 관리에 대해 공부해서 개미처럼 번 돈 잘 운용해보겠습니다. 이런 좋은 연수 만들어 주신 T셀파 연수원, 감사합니다. ^^"
아주 유익한 연수 + 5강에 대한 아주 소소한 단상,10시간,2023.08.21,,"알찬 내용으로 채워진 아주 유익한 연수였습니다. 한가지 아주 소소한 얘기하나 드리고자합니다.
류관순 누나의 얼굴 찾아주기 활동을 말씀하셨는데요, 포승줄에 묶여서 끌려가는 전봉준 장군이야말로 얼굴 찾아주기 활동이 꼭 필요한 사안이라 생각됩니다."
이제 건강에 관심가질 때,30시간,2023.08.21,,"교사들도 여러 가지 질환에 많이 노출되고 실제 시달리는 분들도 많이 보았는데
여러 염려되는 건강 문제를 한 번에 정보를 얻을 수 있어 좋았습니다
큰 부담없이 가볍게 들었는데 방학하고 며칠만에 다 듣게 되었네요.
특히 여성관련 내용이 도움이 되었고, 요즘 눈이 많이 안 좋은데 도움 많이 되었어요"
유익한 미술 수업 정보,30시간,2023.08.21,,유익한 미술 수업 정보로 수업에 활용도가 높습니다.
유익한 건강정보,30시간,2023.08.21,,유익한 건강정보로 실생활에 도움이 많이 됩니다!!
재미있는 활동이 가득한 연수,15시간,2023.08.20,,"꼭 과학시간이 아니더라도 창체 활동으로 활용할 수 있는 재미있는 활동이 가득한 연수입니다.
재미와 함께 과학적 이론을 더할 수 있어서 더 의미 있는 활동이 될 수 있을 것 같습니다.
과학 교과 교사인 저로써는 2학기 수업 시 관련 단원에서 활동들을 활용할 수 있는 아이디어를 얻을 수 있는 연수였습니다!!"
우리 모두가 알아야 할 독립운동사,20시간,2023.08.19,,"독립운동사에 대한 교사들의 지식과 이해를 높이기 위해 개설된 귀중한 기회였습니다. 연수에서는 독립운동사의 배경, 주요 사건들, 인물들의 역할 등에 대해 체계적으로 학습할 수 있었습니다. 특히, 역사적인 사건들을 다양한 시각에서 바라보고 해석할 수 있는 토론과 토의 시간은 매우 유익하였습니다.

이 연수에서는 다양한 교육자료와 예시를 통해 독립운동사를 교실에서 활용하는 방법에 대해서도 배울 수 있었습니다. 사진, 동영상, 문서 자료 등을 활용하여 학생들이 역사적인 사건들을 더욱 생생하게 이해할 수 있도록 도와주는 방법들이 소개되었습니다.

또한, 현장학습과 연계하여 독립운동사를 보다 실감나게 전달하는 방법에 대해서도 알 수 있었습니다. 독립운동사와 관련된 유적지나 박물관을 방문하고, 학생들에게 현장에서 직접적으로 학습할 수 있는 기회를 제공하는 것의 중요성을 배웠습니다.

독립운동사에 대한 지식과 이해가 크게 향상되었습니다. 이제는 더욱 효과적으로 독립운동사를 교육 현장에 접목시키고, 학생들에게 국가의 역사와 정체성에 대한 중요성을 전달할 수 있을 것입니다.

마지막으로, 이 연수를 기획하고 진행해주신 티셀파 연수원에 깊은 감사의 말씀을 전하고 싶습니다. 정말로 유익하고 생각할 거리가 많은 연수였습니다."
좋은 강의였습니다.,15시간,2023.08.18,,새로운 악기를 배워볼 수 있어서 좋았습니다.
대한민국 국민으로서 꼭 알아야 하는 독립운동사,20시간,2023.08.18,,"교사가 알고 싶은 독립운동사만 쏙쏙 뽑아 알차게 구성했습니다. 학생 지도를 위해 공부하고 싶은 선생님들, 교양 쌓고 싶은 선생님들께 모두 추천드립니다."
일본어 영어 회화 공부하려고 하는데 도움이 많이 됩니다!,30시간,2023.08.18,,예전에 일본어를 배웠었는데 그동안 공부를 안해서 잊고 있다가 다시 들었는데 복습 겸 좋았습니다. 특히 마지막에 문제를 풀면서 복습할 수 있어서 좋습니다. 제2외국어를 배울 수 있어서 좋습니다. 일본어를 처음 배우는 선생님들도 쉽게 배울 수 있을 듯 합니다. 저는 일본어 마스터2도 수강하려고 합니다.
"유튜브 영상 보듯, 잼있어요",15시간,2023.08.18,,"안녕하세요..디바 제시카예요.~목소리가 또랑또랑 지금도 들리는 것 같아요.요즘 학생들이 유튜브를 재미있게 틀어놓고 보듯, 선생님이 흥미롭고 재미있게 강의하는 것 같아요. 편하게 듣기 좋아요.."
알찬 연수!,10시간,2023.08.18,,사회 교과서에 대해 자세히 설명해 주셔서 알찬 연수가 되었습니다!
나 자신을 생각하게 하는 연수,30시간,2023.08.17,,"보통 여자들은 나보다는 가족을 더 생각하는 데 이 연수를 듣는 동안 내가 있어야 가족이 있고, 내가 소중하다는 생각을 많이했습니다. 아프다고 하면 건성으로 듣고, 응. 병원에 가아~ 라고 성의없이 말하는 남편에게 속이 상했는데 서운할 필요없이 내 건강은 내가 챙긴다는 심정으로 돌보니 한결 마음이 편안하고 행복합니다."
"스마트폰 가고, 책 돌아오고",30시간,2023.08.16,,스마트폰만 좋아하고 책은 도무지 읽으려고 하지 않는 요즘 학생들과 꼭 함께 해 보고 싶은독서 방법이 많이 있어요
유용해요,30시간,2023.08.14,,독서수업이 어려웠는데 실제 현장에서 활용하기 좋은 연수였습니다
도움이 되었습니다연ㅅ,30시간,2023.08.14,,연수 잘 들었습니다
단순해서 오히려 유익한 연수,30시간,2023.08.14,,내용은 단순하게 패턴의 반복과 약간의 응용입니다. 그렇기때문에 오히려 활용을 잘 할 수 있었습니다. 영어 공부를 놓은지 좀 오래된 선생님들께 적극 추천합니다. 영어에 대한 자신감이 다시 살아나는 시간입니다.
노션의 기승전결을 배울 수 있었습니다.,15시간,2023.08.14,,"평소에 노션을 활용한 관리를 하고 싶어서 교육을 듣게 되었습니다.
초중등 교사 중심의 교육내용은 대학생을 위한 노션활용에도 큰 도움이 되었습니다. 다만 3차시 노션의 심화내용이 3차시에 듣는것이 조금 난이도가 있었습니다.
4차시부터 실전에서 배우는 것이 훨씬 이해도 쉬었습니다.
선생님의 찐 노션사랑과 노션을 활용한 정보집대성은 대단해보였습니다.
감정일기를 설명할때는 지금의 현상황과 매칭이 되어 마음이 아팠습니다.

노션은 모든 교사가 쉽게 따라할 수 있는 프로그램은 아니라고 생각합니다. 해서, 이 좋은 기능들을 자동화해서 활용한다면 교사들의 업무가 경감되지 않을까 생각해봅니다. 이 강의를 보면서 초등교사의 애로사항도 볼 수 있어서 좋았습니다.
초등선생님이 수업 하나를 위해, 학습운영을 위해 얼마나 애쓰는지 알 수 있는 시간이었습니다.

아쉬운점은 노션 버전이 2022년 2월이어서 화면구성에 차이가 조금 있었던 점이었습니다. 처음 배우는 입장에서 해당 단추 찾는것이 쉽지 않았습니다.

고맙습니다."
지난 학급 경영을 돌아보게 하는 연수,30시간,2023.08.12,,"지난 학급 경영을 돌아보게 하는 연수였습니다.
고학년이든 저학년이든 학급을 운영하다 보면 한 번씩 전부 부딪쳐 보았던 상황들이고 이전에 어떻게 대응했는지를 떠올리며 다음부터는 이렇게 해야겠다고 다짐을 하게 되었습니다.
가벼운 마음으로 듣기 시작했다가 열심히 필기를 하며 들었습니다. 복습할 수 있는 기간도 길었으면 좋겠습니다."
진로교육,30시간,2023.08.12,,수업 시간에 효율적으로 진로교육을 할 수 있을 것 같습니다.
자존감 향상,15시간,2023.08.12,,연수를 통해 자존감이 향상될 수 있었습니다.
유익한 과학,15시간,2023.08.12,,과학을 재미있게 잘 배울 수 있었습니다. 몰랐던 사실을 알게 되는 기쁨을 느낄 수 있었습니다.
영어 초보의 험난한 여정,15시간,2023.08.11,,영어 초보로 영어에 대한 거부감이 심한데 좀 완화 시켜 주는 강의 였어요.
새로운 경험,15시간,2023.08.11,,"마냥 쉽게 만 생각했는데 양손의 손각락을 사용한 연주가 그리 쉽지만은 않네요.
악기이 크기가 작아 보관이나 이동이 편한게 가장 맘에 들고 소리도 크지 않아 아파트에서 연습해도 소음 걱정이 없어 좋았어요
꾸준히 연습하면 치매 예방도 될것같아요."
문제 오류가 조금 있어서 난감했습니다.,30시간,2023.08.08,,"예를 들어 ""밑줄 친 부분의 시제가 올바른 것을 고르시오""라는 문제에서 밑줄이 없는 경우가 있었고,

I (be, study) English.라는 문장을 진행으로 고칠 때, ""am studying"" 으로 했을 때 틀렸다고 정답은""'m studying"" 이라는 조금 황당한 답이 있었습니다.

암튼 강의는 좋았으나, 강의와 연관된 문제들이 수강에 만족도를 높이지 못했습니다."
실제 활용에 유용한 연수,15시간,2023.08.07,,교직생활을 스마트하게 할 수 있겠습니다
퇴직을 생각하기 시작하면서...,15시간,2023.08.07,,"퇴직이란것을 생각하기 시작하면서 재무에 관심을 갖기 시작했고 이 연수를 신청하게 되었습니다.
재무, 돈에 대한 연수를 듣는 것이 예전에는 교육자로서 뭔가 아닌 것 같았는데 요즘에는 경제를 모르는 것이 오히려 사회인으로서의 자세가 아닌 것 같아 이 연수를 신청한 것이 신의 한 수였던 것 같습니다.
단지 재테크가 아닌 나의 인생에 있어 삶의 한 축인 재무를 설계해야 하는 중요성에 대해 많은 것을 배우고 느낀 연수였습니다.
다른 선생님들도 한 번 들어보면 좋을 것 같습니다."
"아주 유용한 연수 , 강추합니다.",15시간,2023.08.06,,"적절한 이론과 살예시를 들어 설명하는 연수 내용이 마음에 듭니다.
남자 아이 뿐만 아이라 여러 유형의 아이들에 대한 이해와 대차법, 특히 부모님 상담법에대한 내용들이 유용했습니다.
간만에 아주 좋은 연수 듣게 되어 기뻤습니다.😀😀😀"
진로 연수,30시간,2023.08.04,,최근 진로 관련 연수가 많아지고 있어서 관심을 가지고 수강했습니다. 유익했습니다!
연수는 티셀파,15시간,2023.08.04,,실속있는 연수로 가득한 티셀타 연수~ 자존감 수업 연수도 잘 수강했습니다!
"연구대회 생각은 없지만 꿈실, 꿈잼 등 계획서나 보고서 쓸 일이 많아 들었는데 만족스러웠습니다.",30시간,2023.08.04,,"연구대회 생각은 없지만 꿈실, 꿈잼, 연구년 등 계획서나 보고서 쓸 일이 많아서 들었는데 내용도 꽤 체계적이고 만족스러웠습니다."
연수후기,15시간,2023.08.04,,"이번년도 들어 최고로 집중해서 들었던 연수였던것 같습니다. 노션을 활용하여 업무, 학급 운영에 심도있게 써볼것을 고려하고 있습니다. 양질의 연수를 들려주셔서 감사합니다."
영어공부애 도움이 됐어요,30시간,2023.08.03,,문법을 알기 쉽게 알려주셔서 이해가 잘 되었어요
캘리가 새로운 취미가 되었어요!,15시간,2023.08.03,,"캘리그라피를 제대로 해본 적은 이번이 처음인데, 생각보다 너무 잘 써지고 친구들도 퀄리티가 좋다고 칭찬해해주었어요!!!
그래서 캘리그라피에 새로운 취미가 생긴 것 같아요 ㅎㅎ 더 열심히 해서 특기로 만들어보고 싶어요!
캘리그라피에 필요한 물품도 이번 기회에 다 구매했고, 더욱 다양한 캘리 작품을 만들어보고 싶다는 생각이 들어요!
그리고 또한 아이들 한명 한명에게 책갈피나 엽서같은 것도 직접 제작해서 나누어주고 싶어요!
저희반 아이들이 참 좋아할것 같아요 ㅎㅎ
강사님께서도 너무 명확하게 캘리그라피에 대해 알려주시고, 잘 따라할 수 있게 안내해주셔서 강의 듣는내내 너무 즐거웠던 것 같아여!
새로운 취미! 새로운 특기! 앞으로도 캘리그라피를 열심히 연습해 보려구요 ㅎㅎ
아직 이 강의를 듣지 않으신 분들! 꼭 들어보세요 ^^ 너무 좋아요!
내 글씨로 만드는 작품들.. 얼마나 뿌듯한지 몰라요!!!
캘리그라피 강의 수강하길 참 잘했어요! 짱! 감사합니다!"
현장연구 보고서 대회 준비하는 선생님을 위한 직무연수,30시간,2023.08.01,,"실제 대회에서 수상한 선생님들께서 보고서를 위한 필수 요소에 대해 설명해주셔서 상당히 유익했습니다.
통계 기초부터 SPSS 프로그램 사용방법을 알려주셔서 어떤 방향으로 준비해야 하는지 전체적인 흐름을 알 수 있었습니다.
현장 연구 보고서 대회를 준비하시는 선생님들께 추천하는 강의입니다!"
여행 가기 전 꼭 들어야 하는 영어 회화 연수!,30시간,2023.08.01,,"여행의 출발부터 도착까지 정말 이 연수 하나로
필수 회화 표현은 다 익힐 수 있을 것 같아요~^^
오랜만에 영어를 쓰려고 하니 두려움이 앞서서 이 연수를 신청했는데
생각보다 여행 중에 맞닥뜨릴 수 있는 다양한 영어 회화 상황과
유용한 영어 표현들이 다 담겨있어서 익히는데 굉장히 도움이 많이 됐어요~
영어 연수들을 들어보면 난이도 조절이 참 어렵다는 생각이 들었는데
이 연수는 실제로 필요한 표현들 위주로 진행되다보니 난이도도 적절하고
평상시에 생각해보지 않았던 표현들까지 있어서 익히기 좋았답니다!
외국 나가기 전에 꼭 한 번 익히고 가면 좋을 연수입니다~ 추천해요^^
(개인적으론 영어 연수들 중에서 가장 만족한 연수였습니다~)"
궁금했던 악기,15시간,2023.08.01,,"궁금했던 악기였는데 연수로 받아보니 좋았습니다.
연주 소리를 듣는 것도 좋아서 연수내내 편하게 잘 받았습니다."
저학년 과학수업은 처음이라,5시간,2023.08.01,,"저학년 과학수업은 처음이라 어떤 눈높이로 아이들을 대해야 할지 수업은 어떻게 진행하는게 좋을지 고민이 많았는데 어느 정도는 해결이 될 듯합니다.
활용할 수 있는 사이트 등 알려 주어 감사합니다.
초등학교도 빨리 교사용 지도서가 나왔으면 좋겠어요~^^"
다양한 활동을 통해 조금이나마 아이들을 이해할 수 있었으면 좋겠습니다.,30시간,2023.08.01,,연수에 있는 다양한 활동을 통해 아이들과 직접 경험해보고 아이들을 이해할 수 있는 시간이 되었으면 좋겠습니다.
법정연수 유용하네요,6시간,2023.07.30,,의무적으로 해마다 듣는 연수인데 다른 강사에게 듣고 싶어 신청했는데 연수 들을만 했어요
삶을 바꾸는 사회수업 주제통합 질문과 상상으로 진행하기,5시간,2023.07.30,,사회 교과서 개정되고 학습량은 많은데 학생들이 이해하기쉽게 주제통합 수업을 진행하고 싶어서 연수를 들었어요. 질문과 상상으로 사회수업을 진행해보는 도전을 할 수 있게 도움이 되었네요
독립운동에 관한 지식 쌓기,30시간,2023.07.30,,"독립운동에 대해서 알고, 학생 대상으로 수업하기 좋았습니다. 추천합니다."
영어 회화가 막막한 선생님들께 유익한 연수!,30시간,2023.07.29,,"영어가 너무 오랜만이시거나 일상생활에서 많이 사용하는 영어 회화부터 마스터하고 싶으신 분들께 추천해요!
영어를 평상시에 공부하셨던 분들은 너무 쉬울 것 같고,
숙어, 유용한 표현, 동사가 사용되는 예시 등을 자세히 알 수 있어서 기초편으로는 딱인 것 같습니다~"
독서교육을 해보고 싶어지게 만드는 연수!!!,30시간,2023.07.28,,"아이를 키우며 그림책과 동화책에 관심을 갖게 되었다.
감동적이고 재미있는 책들을 보면서 그냥 읽기에는 아깝고 아이들과 이 내용을 알차게 나눌 수 있는 방법들을 혼자 생각해보다가
아무래도 혼자하려니 한계가 있어 연수를 찾아보게 되었다.
들을 때마다 빨리 아이들과 함께 읽고 나누고 싶다는 설렘을 느끼게 될 정도로 유익하고 알찬 정보가 가득한 연수였다.
왜 독서교육이 필요한지, 독서를 어떻게 하면 좋을지, 독서를 싫어하는 아이들에게는 어떻게 접근하면 좋을지, 독서 후에 할 수 있는 활동은 무엇인지.... 짜임새 있으면서 짧은 시간 강의에 핵심만 들어있어서 어느 한 강좌도 흘려듣지 않았다.
요즘 학교에서 한권읽기 등 독서교육을 많이 하고 있는데
경험이 없어 어떻게 해야할지 감이 잡히지 않는 선생님들께 추천하고싶다.
나아가 다양한 활동을 통해 수업을 업그레이드 하고 싶은 분들께도 추천하고 싶다."
솔직히 말씀드리자면 내용도 올드하고 음향은 정말 듣기 힘들었습니다.,30시간,2023.07.27,,비추천합니다. 새로울 것 없는 내용과 화질 안 좋은 것은 참겠는데 음향은 정말 괴로웠어요.
역사로 현재를 묻다,30시간,2023.07.27,,"조선왕들의 역사를 통하여 현재를 묻는 거울이 된다.
균형있는 강의 내용과 치우침이 없는 중립적인 관점이 역사를 공부하는 나에게 큰 귀감이 되었다."
잘못 알고 있던 상식을 제대로 알 수 있는 계기가 되었어요,15시간,2023.07.27,,잘못 알고 있던 의학 상식들을 제대로 알 수 있어 좋았어요
연주도 하고 힐링도 하고,15시간,2023.07.26,,칼림바 연수에서 칼림바와 악보를 선물로 받았습니다. 학생들이 음악 강사와 칼림바 수업을 할 때 별 생각 없이 교실에 앉아 있었는데 이번에 티셀파 연수원에 수업이 있어서 수강하게 되었습니다.칼림바에 대해서 알고 간단한 연주도 하고 반주를 넣어서^^ 연주도 할 수 있게 되어 신기했어요. 강사님이 연주 하시는 곡을 들으며 요즘 마음이 많이 다운되어 있었는데 힐링 되는 느낌이었구요. 천천히 또 친절하게 알려주시고 연주해 주셔서 부담없이 들을 수 있는 좋은 강의였습니다.
즐겁고 재미있는 강의였습니다.,30시간,2023.07.26,,감사합니다.
정말 좋았습니다!,30시간,2023.07.26,,"그동안 영어 연수 많이 받았었는데, 1강부터 30강까지 이렇게 열심히 들은 연수는 없었던 것 같아요. 패턴을 따라하다보면 뭔가 막 잘 말할수 있을것 같고 그런 느낌이 들었습니다. 몇 번 더 복습하면 저도 자연스럽게 대화할수 있겠죠???"
유익한 연수,30시간,2023.07.25,,막연한 의학 용어와 지식을 제대로 알게 되는 기회가 되었습니다. 들은 내용을 토대로 건강 관리에 힘쓰겠습니다. 감사합니다.
어린이 생활세계로 열어가는 사회 교과서 이야기 추천~!,10시간,2023.07.24,,5학년을 여러해 담임하고 있습니다. 같은 학년을 반복해 하다보니 사회 과목은 아주 잘 가르칠 것 같지만... 꼭 그렇지도 않네요. 다양한고 재미있는 활동 중심으로 업그레이드 하고 싶어 이 연수를 듣게 되었습니다. 역시 듣기를 잘 했네요. 배움은 끝이 없는 것 같습니다. ^^ 감사합니다!
"한 번에 끝내는 법정연수, 추천~",6시간,2023.07.24,,매년 들어야 하는 법정연수이지만 조금이라도 더 귀에 쏙쏙 들어오게 해 주는 강의가 감사합니다. T셀파는 그런 면을 잘 고려하여 만들어 주시네요. 이왕이면 귀에 쏙쏙! 머리에 쏙쏙! 들어오도록 구성을 만들고 강의력 좋은 강사님이 좋죠! T셀파 감사합니다. ^^
잘 들었습니다.,30시간,2023.07.24,,다양한 구성이 듣기 좋았습니다.
다양한 관점에서 문학 작품 바라보기,15시간,2023.07.22,,"문학 속 지리 이야기를 들으며 장마와 불볕더위를 잠시 잊었네요.
지리 뿐 아니라 인종 차별, 아동 노동, 직업의 변화, 노동 문제, 도시 빈민 문제 등 다양한 사회 문제를 생각해 보며 문학 작품을 깊이 있게 이해할 수 있는 시간이었습니다. 문학과 현실의 관계를 이해하는 수업에서 문학 작품을 통해 당대 현실을 파악할 수 있는 수업 자료로 활용하면 좋겠다는 생각을 했습니다. 또한 작품에 드러난 사회 문제를 오늘날 어떻게 바라볼 것인지, 또한 현재까지 지속되는 문제라면 이를 어떻게 해결할 것인지 질문을 던지는 연수였습니다."
자존감 수업,30시간,2023.07.22,,"학생의 자존감을 키원주는 수업 방법도 좋았지만, 교사의 자존감을 강하게 하는 방법을 알게 된 점도 좋았습니다."
과학이 필요한 시간,15시간,2023.07.22,,바쁜 생활 중에 잠시 휴식의 시간같은 연수였습니다.
감사한 마음입니다.,5시간,2023.07.22,,"함께 고민을 나누어 주신 그리고 함께
과학 수업을 진지하게 생각할 수 있는 기회를
주신 선생님들께 감사한 마음입니다.
2학기 수업을 여름 방학에 진지하개 준비하여야겠네요~"
여행,30시간,2023.07.21,,여행가고싶은 마음에 영어공부 먼저
교사와 학생을 위한,30시간,2023.07.21,,교사와 학생이 모두 행복한 교실을 위해
손그림과 파포,30시간,2023.07.21,,콘텐츠 만들기에 쉽게 접근 할 수있어요
그림으로 생활지도,30시간,2023.07.21,,그림을 통해 다양한 활동도 하고 생활지도에도 활용할 수 있어요
고3자녀,15시간,2023.07.21,,고3 자녀를 위해 들었어요 몰랐던 내용을 많이 배웠어요
이벤트,15시간,2023.07.21,,다양한 이벤트로 즐겁게 학급운영을 할 수있어요
다양한 미술활동,15시간,2023.07.21,,쉽고 재미있는 여러가지 미술활동을 배울수있어요
즐거운 체육수업,30시간,2023.07.21,,체육시간에 잘 활용할 수 있어 좋아요
공감,30시간,2023.07.21,,학생들의 마음을 들여다볼수 있는 계기가 되었네요
실전에 활용할 수 있는,30시간,2023.07.21,,실전에 활용할 수 있는 유익한 연수였습니다~
독서의 즐거움,30시간,2023.07.20,,아이들에게 독서의 즐거움을 알려줄 수 있는 독서수업방법을 알려주는 좋은 연수였습니다.
체육시간에 뭐할지 생각 안 날 때 잘 활용할 것 같아요,30시간,2023.07.19,,"올해 체육온 동아리를 운영하게 되어 아이들에게 다양한 활동을 소개하기 위해 연수를 신청하였습니다.

저학년 학생들이라서 기능 위주의 체육 활동이 아닌 놀이 위주의 체육활동을 선호하는데

연수를 통해서 다양한 게임들을 알게 되어서 잘 활용 할 것 같습니다.

특히 교실체육에서 활용할 수 있는 활동들이 많이 소개되어 장소에 구애받지 않고 언제든 체육활동을 할 수 있을 것 같습니다.

3~6학년 대상 활동이 많았는데 조금만 수정하면 저학년도 충분히 재미있게 할 수 있어요

체육 연수도 30시간 이수하도록 되어 있던데 이 연수 추천합니다.

한 선생님이 전체 강의를 해주는 수업도 들어봤는데 전달력은 이 연수가 더 좋은 것 같습니다. (타 연수는 왠지 해당 선생님의 교구를 사야할 것 같은 기분이 들더라구요)"
지역을 소개하는 재미있은 인문여행,15시간,2023.07.19,,지역 음식 위주의 강의가 맛깔스러웠으며 지리 정보를 소개할 때 동영상 자료를 제시했으면 좋겠습니다.
유익한 연수입니다만...,30시간,2023.07.19,,이제 막 연수를 시작하면서 많이 불편한 점이 딱 한 가지가 있어 미리 후기에 올립니다. 다른 연수도 아닌 언어연수라서 출퇴근하면서 더 열심히 공부하려고 했더니! pc로만 수강 가능하네요ㅠㅠ 서울시교육연수원 연수도 모바일 연수 가능합니다. 티셀파 연수인데... 하루 빨리 모바일 강의도 가능하게 부탁드립니다.
노션 좋아요ㅏ!,30시간,2023.07.18,,요즘 노션이 핫해서 궁금해쓴ㄴ데 잘 들어씃ㅂ니다.
실제 수업에 활용할 수 있는 좋은 연수,30시간,2023.07.18,,실제 학교 생활에서 유익하게 사용할 수 있는 것들을 배워보는 좋은 연수였습니다.
요즘 트렌드,30시간,2023.07.18,,요즘 트렌드인 탄소중립 교육 활동에 대해 생각해보는 계기가 되었습니다.
여러 과학 이야기,30시간,2023.07.18,,여러 과학 이야기를 한번에 들을 수 있어서 좋아요.
환경과 관련된 기후변화 이야기,30시간,2023.07.18,,기후위기에 대해 심각성을 인지하고 변화에 대해 알아볼 수 있는 좋은 연수였습니다.
과학을 쉽게 배웠습니다.,30시간,2023.07.18,,과학에 대해서 막연히 어렵게 생각할 수 있는 부분을 쉽게 배워보는 좋은 기회였습니다.
도움이 되었어요!,30시간,2023.07.18,,학생들을 이해하는데 많은 도움이 되었습니다.
쉽게 배워보았습니다.,30시간,2023.07.18,,재미있고 쉬운 영어를 배워보았습니다.
여행 대비 연수!,30시간,2023.07.18,,여행을 대비해서 들었는데 많은 도움이 되었습니다.
재미있는 강의였습니다.,30시간,2023.07.18,,"고등학교 때 공부하고 더이상 보지 않았던, 다양한 과학의 내용들을 접할 수 있어서 좋았습니다."
우수한 과학 실험 컨텐츠 교육,10시간,2023.07.18,,다양한 학생들의 과학적 사고력을 길러주고 수업시간 다양한 탐구활동을 통해 학생들의 호기심을 향상시켜주는 우수한 연수인듯 합니다. 앞으로도 열심히 공부하여 많은 지도가 될 수 있도록 하겠습니다.
당장 사용할수 있는 꼭 필요한 연수,5시간,2023.07.16,,교과서 사용법을 알게되어 당장 시급히 필요한 연수입니다.
알차고 좋아요,30시간,2023.07.16,,평소 궁금했던 내용들을 잘 알 수 있어서 너무 좋았어요
사회 수업할때 좋을 것 같습니다.,30시간,2023.07.14,,박물관을 좀 더 자세하게 알아봄으로써 사회 수업이 더욱 재미있었 질 것 같네요.
반복 듣기,15시간,2023.07.13,,한 번에 알아듣기는 힘들지만 여러 번 들으니 재미있어요.
생활영어 추천,15시간,2023.07.13,,생활에서 사용 가능한 영어 회화를 연수로 배울 수 있었습니다. 다른 상황별 생활영어로 시즌2도 나왔으면 좋겠어요.
영어 초보들을 위한 연수,15시간,2023.07.13,,말그대로 영어 초보입니다. 좀 더 쉽게 영어 공부를 시작할 수 있어서 좋았어요.
예술을 통한 치유의,30시간,2023.07.04,,"이 연수를 통해 미술치료의 효과에 대한 깊은 이해와 경험을 얻을 수 있었습니다. 미술을 통한 자기 표현과 창조는 심리적인 안정과 자아 성장을 도모하는 데 큰 도움이 된다는 것을 깨달았습니다.
나 자신과 타인에 대한 이해를 높이고, 예술을 통한 치유의 힘을 깨닫는 데 큰 도움을 주었습니다. 좋은 연수를 열어 주셔서 감사합니다^^"
탄소 발자국을 줄이기 위해 우리 모두의 협력이 절실한 때,30시간,2023.07.03,,"해마다 기상 이변으로 전세계가 몸살을 앓고 환경 보호에 대하여 모두가 각성을 하는 시기입니다. 6월에 유독 많은 환경 관련 기념일들을 앞두고 학교에서 환경 교육 주간을 운영하기 전에 환경 관련 연수를 찾아보게 되었습니다. 그동안 접했던 환경 관련 연수들 가운데 가장 과학적인 지식을 배경으로 한 연수인 것 같습니다. 지구의 환경과 관련하여 이렇게 다양한 변수와 싸이클들이 같이 연관이 되어 있고 여러 나라들의 경제와 정치, 입장들이 다 달라 서로가 환경보다는 자국의 이익을 우선 시하는 작금의 상황에서는 환경 교육은 수박 겉핥기 식이 될 수 밖에 없어 걱정이 됩니다. 학생들과 탄소발자국을 줄이기위해 오늘도 전등 하나 끄기, 분리수거 잘하기, 물병 가지고 다니기, 잔반 안남기기 등을 생활 속에서 실천하고 있습니다. 우리가 살아갈 터전인 지구에 대한 관심을 연수를 통해서 모두가 향상시켰으면 합니다. 냉장고도 없이 수년 째 살고 있다는 강사님의 강의가 더 현실적으로 와닿은 의미있는 연수였습니다."
분야별 전문의들의 상담같은 연수로 건강상식을 높이자,30시간,2023.07.03,,자신의 건강을 자신하는 이는 없을 것입니다. 늘 건강에 관심은 있어 여러 가지 영양제를 챙겨서 먹고는 있지만 운동도 식단도 꾸준히 하는 것은 참 힘이 듭니다. 건강과 관련된 강좌를 연수로 챙겨듣는 것은 이 연수가 처음인데 그동안 막연하게 알고 있던 건강 지식들 중 잘못알고 있는 것들이 꽤 있어서 연수를 챙겨듣기를 잘 했다는 생각이 들었습니다. 건강에 관심이 있지만 제대로 된 건강 상식을 알고 있는지 궁금한 분들이라면 각분야의 전문의들의 속시원한 상담같은 쉬운 설명의 이 연수를 추천하고 싶습니다. 건강은 건강할 때 천천히 챙기는 지혜가 필요합니다.몸이 신호를 보내는 때는 이미 치료 늦은 때일 수도 있다고 합니다.
칼림바의 기초를 잡는 연수,15시간,2023.07.03,,"15차시의 1학점 연수라 부담없이 들을 수 있어 더 매력적인 연수인 것 같다. 코로나 상황에서 학급에서 음악시간에 활용하기 좋다고 칼림바 악기를 추천받았는데 전혀 칼림바에 대해 아는 것도 없이 학급운영비로 칼림바를 여러 개 구입을 턱 해놓고 정작 교사인 내가 칼림바에 대해 아는 바가 없어 활용을 못하고 있었다. 1학점의 악기연수라 강좌를 통해 기초 이론 이수를 하고 연습은 교실에 사놓은 악기로 하려고 연수신청을 했다. 사실 악기와 악보까지 제공이 되는 것은 택배 발송 문자를 보고 뒤늦게 알았다. 1학점 연수에 악기, 악보까지 제공되는 것에 깜짝 놀랄 수 밖에 없었다. 칼림바란 악기에 대해 잘 알게 되었다. 악기는 기능이라 내가 시간과 노력을 들여 악기와 합을 맞추는 만큼 매끄럽게 연주가 되는 것 같다. 아직은 쉬운곡들만 연주할 수 있는 수준이지만 칼림바의 기초를 이수하게 된 좋은 연수다. 손을 많이 쓰는 것이 좋은 초등학생들에게 연주법도 쉽고 간단하니 적당한 악기인 것 같다. 학생들과 열심히 음악수업에 활용해봐야겠다. 칼림바가 없는 사람도 악기까지 제공해주니 신청하여 많이 들으면 좋을 것 같다."
학생들의 독서력 향상의 지름길,30시간,2023.07.03,,<같이 읽고 함께 나누는 독서 수업 방법>연수는 막연한 불안함으로 안개 속을 헤매던 저에게 구세주와 같은 연수입니다. 근무하는 학교가 올해 독서연구학교로 지정이 되어 학생들과 책관련 이벤트와 수업을 지속적으로 운영해야하고 오랜만에 저학년 담임을 맡게되어 부담이 컸었습니다. 학생들과 독서 관련된 특화된 프로그램이나 노하우도 없고 독서관련 수업은 온책읽기를 교과서대로 운영해본 것이 전부라 연구학교 계획서를 받아들고 막막한 마음이 들었는데 책을 읽고 질문을 공유하고 의견을 나누는 활동으로 주된 수업을 이끌어가야하는 틀이라 교사의 지도력이 중요할 것 같아 여러 교원연수원의 독서 관련 연수들을 샅샅이 살펴보다가 보물같이 이 연수를 발견하고 너무 반가웠습니다. 독서수업을 전문적으로 하시는 여러 선생님들을 모시고 깊이있는 질문과 답변으로 진행되는 방식이 좋았습니다. 질문도 깊이있고 자신들의 노하우를 아낌없이 나누어주시는 독서지도 전문가선생님들의 답변도 많은 도움이 되었습니다. 각 강좌 끝에 추천해주는 책목록도 참 좋았습니다. 학생들에게 읽어줄 책을 선정하는데 도움이 되었습니다. 방학동안 1강부터 30강까지 차분히 다시 복습을 할 계획입니다. 원격연수가 이렇게 알차게 프로그램이 구성된 것은 드문데 꼭 맞는 연수를 찾아 듣게되어 많은 도움이 되었습니다. 동학년 선생님들과 주변 선생님들께도 열심히 홍보를 하고 있습니다. 온책읽기 수업이나 독서 수업에 관심이 있는 선생님이시라면 적극 추천합니다.
유익해요!,30시간,2023.07.03,,"영어 문장을 말하고자 할 때
쉽게 떠오르지 않아 말문이 막힐 때가 많았는데
패턴을 읽혀 쉽게 대화할 수 있을 것 같아요!"
수업에 응용할 수 있는 과학자들의 이야기들이 담겨 있어서 유용한 연수였다,30시간,2023.07.01,,"수업에서 이론을 가르칠 때 부가해 줄 수 있는 과학자들의 뒷이야기들이 담겨 있어서 좋은 연수였다.
그러나 30강이라는 게 조금은 부담이 되긴 하였다. 다음엔 15강씩 두개로 나누어 주었으면 좋겠다.
15강 정도를 한번에 스토리텔링 하시는 교수님이 존경스러웠다."
의병전쟁 연수 완전 강추입니다.,15시간,2023.06.30,,독립운동 현장읽기-구국계몽운동 연수와 더불어 당연히 알아야 할 것에 대한 연수. 모두 알고 있는듯 하지만 사실 온전히 알지 못하는 내용. 티셀파에서 무료로 연수를 듣게 해줘서 정말 좋았어요. 그래서 주변 샘들에게도 널리널리 알렸던 연수 입니다. 교사부터 알아야 아이들에게도 제대로 알려줄 수 있으니 거룩한 의무감을 느낍니다.
주변 샘들에게 권하고 싶은 연수,15시간,2023.06.30,,당연히 알아야 할 것에 대한 연수. 모두 알고 있는듯 하지만 사실 온전히 알지 못하는 내용. 티셀파에서 무료로 연수를 듣게 해줘서 정말 좋았어요. 그래서 주변 샘들에게도 널리널리 알렸던 연수 입니다. 교사부터 알아야 아이들에게도 제대로 알려줄 수 있으니 거룩한 의무감을 느낍니다.
입시전략 특강!!!,0시간,2023.06.30,,나만 너무나 모르는 입시 전략! 잘 들었어도 잘 모르겠다는.... 시간이 많이 필요할 듯 합니다. 자율연수로 들어서 참 다행입니다.
좋은연수!! 모두들 함께 들어요.,15시간,2023.06.30,,학교에서 놀이처럼 할 수 있는 정말 조물조물 뚝딱뚝딱 만들기 입니다. 어렵지도 않고 준비물도 쉽게 구할 수 있어서 몰라서 만들지 못했던 시간이 아쉽네요. 모두들 즐거운 자율시간을 교실에서 만들기 바라요~~
울 꼬맹이들의 마음 읽기,30시간,2023.06.30,,정말 쉽지 않습니다. 울 꼬맹이들 마음을 어떻게 하면 사로 잡을 수 있을까 늘 고민중입니다. 아주 잠시 잡았다 싶다가도 돌아서면 제자리... 아이들의 마음을 잡기전 제 마음부터 잡고 싶습니다. 실망하지 않도록!!!
이게 도움이 되길 바라며....,15시간,2023.06.30,,아이들이 진학을 하도록 돕는 연수라 들었는데... 매번 느끼는것은 아이들이 먼저 움직이지 않으면 큰도움을 못주는 입장인것 같아 늘 아쉬움이 남습니다. 교사와 학생 호흡을 맞추는게 참 어려운 일인듯 싶어 주고 싶어도 줄 수 없는 마음에 안타까움이 더했습니다.
너무나 유익한 연수였어요.,15시간,2023.06.30,,"너무 아름다운 소리가 나는 악기이고 다들 금새 배울 수 있다기에 도전했어요. 그렇지만 생각보다 시간을 많이 요하는 악기예요. 너무 쉽다고만 생각하지않고 방학중에 진득하게 마음먹고 연습하면 내가 연주하는 악기가 한가지 늘어나는 거죠. 연수는 마쳤지만 진짜 시작은 지금부터입니다. 방학중에 열심히 연습할거예요. 연수 도전할 수 있도록 악보며, 악기며 모두 지원해주신 강사님과 티셀파에 감사합니당~~~"
교실이 즐거워지는 놀이,30시간,2023.06.29,,놀이방법에 대해 많이 알지 못하여 고민하던 터에 많은 도움이 됩니다. 교실이 즐거워지는 놀이 수업 방법 적극 추천합니다.
한권의 책으로 하는 수업 감동적이었습니다.,15시간,2023.06.29,,한 권의 책으로 하는 수업 감동적이었습니다. 감사합니다.
재미있게 잘 배웠어요,15시간,2023.06.28,,"저도 오랫만에 따라하면서 재미있게 연수를 들었던 것 같아요. 나만의 글씨도 따로 연습해 보면서..정말 유익한 연수였어요. 학생들과 미술시간에 그냥 드로잉 붓펜을 이용해서 다양한 엽서라던가 부채 꾸미기도 해보고 싶고, 여러가지를 같이 해보고 싶다는 생각이 부쩍 들었습니다."
좋아요,30시간,2023.06.28,,"여행 영어 정말 필요했는데 유익하고 즐거운 연수였습니다.
영어 관련 연수를 많이 늘려주셨으면 좋겠습니다^^
티셀파 아주 잘 이용합니다~~~ 늘 응원합니다~~!"
행복한 교사가 행복한 학교를 만든다.,30시간,2023.06.28,,"4차산업혁명의 시대가 미래시점이 아니라 현재진행형으로 느껴지는 지금, 그 어느 곳보다 급변하는 현장이 바로 교육현장 학교가 아닌가 한다. 빅데이타의 범람과 다양한 소셜미디어 도구의 발달은 정보의 양과 질에 있어서 비약적인 발전을 가져오고 있다. 이런 상황에서 교사의 역할은 무엇일까? 교사를 통하지 않고도 지식의 전달은 더 빠르고 방대하게 이뤄지고 있고 체계화 된 학 교내 여러 상황들이 교사를 시스템 안에서 작동하는 하나의 도구로 전락 시키고 있다는 위기감도 느껴진다.
이런 시점에 이번 연수는 이런 고민이 많은 현장의 선생님들도 느끼는 공통의 고민이며 이미 많은 동료 선생님과 선배 선생님들이 유사한 질문에 나름의 해결책을 갖고 다양한 시도를 했다는 것을 알게 되어 위로를 받고 동시에 자극이 되기도 하였다.
우선 행복한 학교는 교사의 자존감을 회복한 행복한 교사로부터 출발한다는 전제에 깊이 공감한다. 이를 회복하기 위해서는 개인적인 노력도 중요하지만 학습 공동체를 구성한 보다 조직적이고 실천적인 도전이 필요하다는 데 동의한다. 일반적으로 교사들은 감정을 통제하는 일에 익숙하여 부정적 감정에 대한 대응이 탄력적이지 못하고 오히려 마음이 병이 되는 경우도 많다. 때문에 자신의 감정에 응답하라는 강의는 특히 마음에 와 닿았다. 교육 뿐 아니라 삶의 태도에 있어 스스로를 살펴보고 필요한 대응으로 건강한 마음을 다져가는 것이 교사로서 매우 중요하다는 생각이 정리되는 유익한 연수였다."
알차고 재미있는 강의,30시간,2023.06.28,,강의 내용이 알차고 재미있어서 연수듣는 시간이 지루하지 않고 금방금방 지나갔어요. 내용도 유익했어요...
문화사 수업에 매우 유용한 연수입니다.,30시간,2023.06.28,,"중학교 3학년 역사 수업을 진행함에 있어 문화사 수업은 매우 힘들고, 아이들이 어려워하는 주제인데 실제 박물관에 가서 어떻게 유물을 봐야 하는지 알려주어서 매우 좋았습니다. 우리나라의 매우 특색있는 박물관이 이렇게 많았음을 새삼 다시 알았고, 방학을 이용하여 박물관을 방문해 볼 생각입니다."
역사 수업의 많은 도움이 되는 연수,30시간,2023.06.28,,"조선시대를 가르치는 중학교 3학년 역사 수업에 있어, 왕들의 생생한 이면을 알 수 있어 매우 좋았습니다. 태조 이성계부터 순종 대까지 조선 역사의 흐름을 파악할 수 있었고, 역사 수업을 진행 함에 있어 풍부한 배경지식을 쌓을 수 있어 매우 유익했습니다. 추천하는 연수입니다. 즐겁게 연수 이수 했습니다."
재밌고 유익한 강의,30시간,2023.06.27,,"무엇보다 지금 시급하고 중요한 이야기를
재밌고 흥미롭게 배울 수 있었습니다."
체육수업이 도움이 됩니다.,30시간,2023.06.27,,체육 활동에 도움이 되었습니다.
쉽고 재밌는 독서교육!!!,30시간,2023.06.26,,너무 훌륭한 연수였습니다.
쉽고 재밌어요,30시간,2023.06.26,,주변 선생님들께 다 추천했어요. 유익한 강의입니다
실재적인 진로 교육 연수,30시간,2023.06.26,,"기존 여러 진로교육 연수들이 있다. 많은 연수들 중 '교과수업에 활용하는 진로교육' 연수는 강사님의 강의도 훌륭하고 특히 실재적이고 현장에 바로 활용가능한 부분들이 많았던 연수였다.
연수를 듣고 생각할 부분과 실제 적용할 부분이 많아서 많은 도움이 되었다."
일본어 공부에 도움이 되는 연수,30시간,2023.06.25,,일본어의 기본 글자부터 시작하여 기본 문형과 문법을 이해하는데 많은 도움이 됐습니다.
기후 환경 위기 심각성 깨닫기,30시간,2023.06.23,,기후 환경 위기의 심각성을 깨닫고 이를 보존하기 위한 방안 들에 대해서 생각할 수 있는 계기가 되었음
잘 들었습니다,30시간,2023.06.23,,조용히 강의를 들으며 많은 생각을 하게 되고 되돌아볼 수 있어 좋았습니다~
여행 활용,30시간,2023.06.22,,여행 활용에 도움이 되는 유익한 연수였습니다.
좋은 수업 강의 감사합니다.,30시간,2023.06.20,,"지역과 도시, 동화와 관련된 내용이
인문학적 소양을 높일 수 있도록 다양한 이야기를 수업으로 들어서 너무 좋았습니다."
비스무트라는 새로운 원소를 알게 되었어요^^,15시간,2023.06.19,,"주기율표를 열심히 외우기만 했어요^^
비스무트라는 아주 예쁜 원소가 있다는 것을 알게 해주시고, 아이들과 쉽게 실험을 해서 예쁜 결정을 만들 수 있다는 것을 배우게 되었습니다.
학생들이 참여하는 모습을 보여주심으로써 실제 수업에서도 적용할 수 있겠구나를 느낄 수 있어서 좋았습니다.
꼭 수업에 활용해보도록 하겠습니다. 감사합니다."
노션! 교사에게 필요한 최고의 도구인것 같아요!,15시간,2023.06.19,,"노션을 선생님들이 많이 사용하고 계시고, 좋다고 추천은 받았는데 어떻게 사용하는 지를 몰라서 고민하고 있었습니다. 그런데 어떤 선생님께서 t셀파연수원에 노션에 대한 좋은 연수가 있다길래 추천해주셔서 신청하게 되었습니다.
연수를 들으며 너무 좋았던 점은 두 선생님의 대화형식으로 진행된다는 것입니다. 저도 궁금한 점, 어려운 점을 노션을 배우는 입장의 선생님께서 질문해주시고 가르쳐주시니 더 이해가 쏙쏙 잘 되었습니다! ㅎㅎ
여태껏 원격연수를 들을 때 한귀로 흘려듣게 되는 경우가 많았는데 정말 집중이 잘 되고 하나도 흘리는 것 없이 배우려 노력했습니다.
연수 한개를 듣고 직접 노션을 켜서 함께 실습해보니 이해가 더 잘 된 것 같아요.
누구나 잘 알거라고 생각하고 넘기지 않으시고 기본적인 아이콘, 기능부터 심화기능까지 세부적으로 설명해주시는 것도 너무 좋았습니다.
기능설명에서 그치는게 아니라 어떻게 교실에 활용할 수 있는지까지 친절히 알려주셔서 나의 교실에서는 어떻게 활용할 수 있을지 응용해서 고민도 많이 하고 있습니다.
제일 좋았던 기능은 동학년 협업 페이지 만들기였습니다. 매번 단체카톡에 번거롭게 올리거나 쿨박스에 담았는데 노션이 있다면 카테고리를 만들어 쉽게 정보공유를 할 수 있다는 것을 깨닫고 제가 먼저 만들어보려고 합니다!^^
막내지만 !!!ㅎㅎㅎ

강의를 들으며 정말 좋은 프로그램이 많은데 놓치고 있는 것이 많다는 것을 깨달았어요..세상은 빨리 바뀌고, 좋은 것들이 많이 나오는데 공부를 열심히 해서 아이들, 저에게도 좋은 영향을 줄 수 있도록 자기계발 하도록 하겠습니다.

♥♥♥ 멋진 강의 너무너무 감사합니다 ♥♥♥♥"
즐거운 학급 운영,15시간,2023.06.19,,1년이라는 시간 동안 학급을 즐겁고 신나게 운영할 수 있는 다양한 방법 들이 제시되어 있어 좋았습니다.
재미있는 수학 수업,30시간,2023.06.19,,딱딱하기 쉬운 수학 수업에 재미를 불어 넣을 수 있는 방법이라서 수업에 잘 활용할 수 있을 듯 합니다.
늘 어렵게만 느껴졌던 재무설계,15시간,2023.06.18,,연수를 듣고나니 뭔가 부자가 될 것만 같은 기분이 드네요.
도움 많이 받은 연수,30시간,2023.06.18,,추천합니다. 교사에게 꼭 필요한 연수네요.
흥미로운 독서수업방법,30시간,2023.06.18,,"어렵게만 느껴졌던 독서수업.
이제는 자신감이 생겼습니다."
도움 많이 받았습니다.,15시간,2023.06.18,,재밌고 유익한 연수입니다.
도움 많이 받았습니다.,15시간,2023.06.18,,"보고서를 어떻게 작성해야하나 막막했는데, 큰 도움을 받았습니다."
박물관에 대한 새로운 시각,30시간,2023.06.18,,박물관이 어렵게만 느껴졌지만 가고 싶은 곳이 되는 연수였습니다. 학생들과 함께 가도 부담스럽지 않은 곳이 되는 연수가 되었습니다. 아픈 역사를 돌아보는 시간이 되는 연수이기도 했습니다. 만주주의 발자취를 따라 남산의 여러 곳을 설명을 들으면 받은 연수가 다시 떠오르는 시간이었습니다. 아픈 역사를 잊지 말고 되풀이 되지 않았으면 좋겠습니다.
유익한 연수였습니다.,30시간,2023.06.17,,손그림은 제가 연수 따라하면서 재미있게 배웠구요. 실제 교실 칠판에서 간단하게 그림 그릴 때 잘 사용할꺼 같아요. 그리고 파워포인트는 어렵다고만 생각했는데 간단하게 설명해주셔서 좋았습니다.
여행시 필요한 다양한 상황별 표현이 많았습니다.,30시간,2023.06.16,,여행시 필요한 다양한 상황별 표현이 많았습니다.
수업의 품격을 높이는 강의,30시간,2023.06.15,,강의를 듣고 수업의 품격을 높일 수 있도록 증진해야겠다.
재미있어요!,30시간,2023.06.15,,쉽고 재미있게 일본어를 배울 수 있어서 좋았습니다!
패턴별 영어 익히기 좋습니다!!,30시간,2023.06.14,,"연수 제목처럼 패턴별로 회화를 익히기 좋은 연수입니다.
어렵지 않은 문장 구조로 반복 학습하면서 도움을 많이 받고 있어요. 퀴즈 더 많이 풀고 싶어요^^"
행복한 학급 만드는 비법,30시간,2023.06.14,,"긍정심리학에 기반을 두고 학생, 교사 모두의 자존감을 높일 수 있는 방법을 여러 이론들과 학습방법을 바탕으로 설명해 주십니다. 교실수업에서도 적용해 보도록 하겠습니다 ^^"
독립운동 현장읽기를 통해 역사를 다시 관심있게 들여다보게 됩니다,15시간,2023.06.13,,치열했던 의병전쟁을 비롯해 중요한 역사적 사실을 다시 들여다보고 생각해볼 수 있는 유익한 시간이었습니다.
과학 교과를 가르치는데 큰 도움이 된 연수,10시간,2023.06.13,,과학 교과를 가르치는데 단원마다 지도상 유의점이나 사전 실험시 안내 사항을 친절하게 안내해주어서 큰 도움을 받았습니다.
미술시간 활용하기좋은연수,30시간,2023.06.12,,"간단하면서도 아이들의 심리까지 파악할 수 있는 다양한 소재 거리가 있는 수업이었다. 3월 아이들을 알아가는 시간, 적용해보면서 아이들의 특징을 파악해보고 또 중간 중간 아이들의 마음을 알아가는 데 필요한 수업이다."
새롭게 보이는 박물관,30시간,2023.06.12,,"초등학교 저학년 아이가 있고, 아이가 박물관을 좋아해 한달에 두세번은 꼭 박물관에 가서 한때를 보내다 오는데, 서대문형무소, 국립중앙박물관, 대한민국역사박물관 등 서울 및 근교에 있는 박물관은 모두 섭렵하였습니다.
하지만 아이에게 잘 보여주었고, 설명도 잘 해주었다고 생각된 부분들이 틀리기도 했었고, 또 많이 미흡했다는 걸 깨달았습니다.
강의를 들으며 내내 '아,, 이게 진짜지.'라는 말을 몇번 되뇌었는지 모르겠네요.
사실은 박물관이 매우 넓고 하루만에 다 돌아보기도 힘들어 부분 부분 재미있고 특이한 전시 위주로 돌아다닌 것도 있기는 하지만 강의를 듣다보니 진짜 수박 겉만 핥다 왔다는 생각에 참 부끄러워 지기도 합니다.
특히 서대문형무소는 다시 꼭 가보려고 합니다.
한여름에 뙤양볕에 돌아다녀야 해서 구석구석 제대로 보지 못한 것도 있지만, 아는 만큼 보인다고 이제는 곳곳에 숨어있는 의미있는 장소를 다시금 차근차근 돌아보며 아이에게 잊지 말아야할 우리의 아픈 역사에 대해 이야기해주려 합니다. 독립투사의 얼이 서려있는 곳이며 참혹했던 수감시절의 고통도 느껴보는 의미있는 시간이 되겠지요.

다만, 강의 자체는 훌륭하나 강사님의 설명 위주로만 진행되어 영상이라든지, 다양한 사진자료, 전시자료 등을 보여주면서 설명을 해주셨으면 어땠을까 하는 아쉬움이 들지만, 이것은 직접 가서 찾아보는 걸로...

조곤조곤 설명해주시는 선생님의 이야기가 아직도 귀에 쟁쟁하게 들리는 듯 하네요..
좋은 강의 정말 감사합니다~~"
쉽고 재미있습니다!,15시간,2023.06.12,,수업에 적용하기 좋을 것 같아요. 감사합니다!
연수가 좋았어요.,30시간,2023.06.12,,연수가 유익하고 좋았습니다. 그러나 좀더 수준이 있는 내용으로 구성하면 더 좋을 것 같습니다.
캘리그라피의 세계로 쉽게 흥미롭게,15시간,2023.06.12,,부창부수입니다. 강사님의 설명도 쏙쏙 잘 들어오고 따라하는 학생의 실력은 청출어람이라는 생각과 함께 두분이 너무 잘 어울리는 수업이었습니다. 덕분에 좀더 쉽게 그리고 아름다운 작품을 만들 수 있을 것 같습니다. 저도 뭔가 좀 캘리에 한발 다가선 듯한 느낌이 들어요. 감사합니다.
나의 평화가 가능한 이유,30시간,2023.06.09,,역사시간에 배운 유명한 독립운동가뿐 아니라 알려지지 않았던 독립운동을 하신 분들의 처절한 독립운동을 되새겨 보며 지금의 평화를 위해 희생하신 분들을 조금이나마 생각해 보는 좋은 연수였습니다.
핵심 표현들을 활용한 회화수업!!,30시간,2023.06.09,,핵심단어 30개를 가지고 여기저기 다 활용하여 완성하는 영어회화 수업입니다. 강추입니다.
연수가 재미있어요! 강추합니다.,15시간,2023.06.09,,"막연하게 생각했던 남학생들의 지도가 이렇게 명료하게 정리되어서 연수가 참 좋았습니다.
설명도 자세하게 잘 해주시고 재미도 있었습니다.
이제 학교에서 슬기로운 남학생 지도와 학부모 대하기에 자신이 생겼어요."
놀이의 모습이 그려지는 연수,30시간,2023.06.08,,"놀이는 언제 들어도 재미있고 활용도가 높습니다. 오프라인 연수가 제일 효과가 좋지만 아무래도 왔다갔다 하는 시간과 노력이 많이 들어서 부담스럽고, 확실히 체득은 되지만 시간 내에 많은 놀이를 다루지 못한다는 점이 아쉬웠어요. 이 연수는 다양한 상황에서 활용할 수 있는 여러 놀이가 나옵니다. 어떤 것들은 저희 반에 맞지 않기도 하지만 대부분 이 아이디어를 조금 변형하면 충분히 활용할 수 있을만한 것들입니다. 실제 놀이의 과정이 영상 속에 그려져서 어떤 모습으로 놀이가 이루어지는지, 어떤 부분에 주의해야할지가 확인하기 쉽습니다. 그러다보니 영상을 보며 우리 반에서 놀이할 때는 이것은 주의해야지! 이건 이렇게 바꿔야지! 하는 생각이 듭니다.
놀이는 계속 시대에 따라 변하지만 그래도 기본 방식은 바뀌지 않으니 계속 변형해가며 활용할 수 있을 것 같아요
이렇게 일주일에 하나씩만 놀이를 한다면 저희 반도 충분히 웃음꽃이 넘치지 않을까 생각이 듭니다."
근세의 역사를 확인하는 좋은 기회,15시간,2023.06.08,,"치열했던 의병전쟁과 관련하여
역사 교과서에 없지만
존재하는 순국선열에 대하여 배울수 있는 좋은 기회였습니다."
